IsInStock,IsNikelab,IsBootroom,sizeRange,size,mode,region,sku,proxy,profile,email,password
FALSE,FALSE,FALSE,"5,6,7,8,9,10,11",{random},app,US,AA3830-100,{random},1,,
FALSE,FALSE,FALSE,"5,6,7,8,9,10,11",{random},app,US,AA3830-100,{random},1,,
FALSE,FALSE,FALSE,"5,6,7,8,9,10,11",{random},app,US,AA3830-100,{random},1,,
FALSE,FALSE,FALSE,"5,6,7,8,9,10,11",{random},app,US,AA3830-100,{random},1,,
FALSE,FALSE,FALSE,"5,6,7,8,9,10,11",{random},app,US,AA3830-100,{random},1,,
FALSE,FALSE,FALSE,"5,6,7,8,9,10,11",{random},app,US,AA3830-100,{random},1,,
FALSE,FALSE,FALSE,"5,6,7,8,9,10,11",{random},app,US,AA3830-100,{random},1,,
FALSE,FALSE,FALSE,"5,6,7,8,9,10,11",{random},app,US,AA3830-100,{random},1,,
FALSE,FALSE,FALSE,"5,6,7,8,9,10,11",{random},app,US,AA3830-100,{random},1,,
FALSE,FALSE,FALSE,"5,6,7,8,9,10,11",{random},app,US,AA3830-100,{random},1,,
FALSE,FALSE,FALSE,"5,6,7,8,9,10,11",{random},app,US,AA3830-100,{random},2,,
FALSE,FALSE,FALSE,"5,6,7,8,9,10,11",{random},app,US,AA3830-100,{random},2,,
FALSE,FALSE,FALSE,"5,6,7,8,9,10,11",{random},app,US,AA3830-100,{random},2,,
FALSE,FALSE,FALSE,"5,6,7,8,9,10,11",{random},app,US,AA3830-100,{random},2,,
FALSE,FALSE,FALSE,"5,6,7,8,9,10,11",{random},app,US,AA3830-100,{random},2,,
FALSE,FALSE,FALSE,"5,6,7,8,9,10,11",{random},app,US,AA3830-100,{random},2,,
FALSE,FALSE,FALSE,"5,6,7,8,9,10,11",{random},app,US,AA3830-100,{random},2,,
FALSE,FALSE,FALSE,"5,6,7,8,9,10,11",{random},app,US,AA3830-100,{random},2,,
FALSE,FALSE,FALSE,"5,6,7,8,9,10,11",{random},app,US,AA3830-100,{random},2,,
FALSE,FALSE,FALSE,"5,6,7,8,9,10,11",{random},app,US,AA3830-100,{random},2,,
FALSE,FALSE,FALSE,"5,6,7,8,9,10,11",{random},app,US,AA3830-100,{random},3,,
FALSE,FALSE,FALSE,"5,6,7,8,9,10,11",{random},app,US,AA3830-100,{random},3,,
FALSE,FALSE,FALSE,"5,6,7,8,9,10,11",{random},app,US,AA3830-100,{random},3,,
FALSE,FALSE,FALSE,"5,6,7,8,9,10,11",{random},app,US,AA3830-100,{random},3,,
FALSE,FALSE,FALSE,"5,6,7,8,9,10,11",{random},app,US,AA3830-100,{random},3,,
FALSE,FALSE,FALSE,"5,6,7,8,9,10,11",{random},app,US,AA3830-100,{random},3,,
FALSE,FALSE,FALSE,"5,6,7,8,9,10,11",{random},app,US,AA3830-100,{random},3,,
FALSE,FALSE,FALSE,"5,6,7,8,9,10,11",{random},app,US,AA3830-100,{random},3,,
FALSE,FALSE,FALSE,"5,6,7,8,9,10,11",{random},app,US,AA3830-100,{random},3,,
FALSE,FALSE,FALSE,"5,6,7,8,9,10,11",{random},app,US,AA3830-100,{random},3,,
FALSE,FALSE,FALSE,"5,6,7,8,9,10,11",{random},app,US,AA3830-100,{random},4,,
FALSE,FALSE,FALSE,"5,6,7,8,9,10,11",{random},app,US,AA3830-100,{random},4,,
FALSE,FALSE,FALSE,"5,6,7,8,9,10,11",{random},app,US,AA3830-100,{random},4,,
FALSE,FALSE,FALSE,"5,6,7,8,9,10,11",{random},app,US,AA3830-100,{random},4,,
FALSE,FALSE,FALSE,"5,6,7,8,9,10,11",{random},app,US,AA3830-100,{random},4,,
FALSE,FALSE,FALSE,"5,6,7,8,9,10,11",{random},app,US,AA3830-100,{random},4,,
FALSE,FALSE,FALSE,"5,6,7,8,9,10,11",{random},app,US,AA3830-100,{random},4,,
FALSE,FALSE,FALSE,"5,6,7,8,9,10,11",{random},app,US,AA3830-100,{random},4,,
FALSE,FALSE,FALSE,"5,6,7,8,9,10,11",{random},app,US,AA3830-100,{random},4,,
FALSE,FALSE,FALSE,"5,6,7,8,9,10,11",{random},app,US,AA3830-100,{random},4,,
FALSE,FALSE,FALSE,"5,6,7,8,9,10,11",{random},app,US,AA3830-100,{random},5,,
FALSE,FALSE,FALSE,"5,6,7,8,9,10,11",{random},app,US,AA3830-100,{random},5,,
FALSE,FALSE,FALSE,"5,6,7,8,9,10,11",{random},app,US,AA3830-100,{random},5,,
FALSE,FALSE,FALSE,"5,6,7,8,9,10,11",{random},app,US,AA3830-100,{random},5,,
FALSE,FALSE,FALSE,"5,6,7,8,9,10,11",{random},app,US,AA3830-100,{random},5,,
FALSE,FALSE,FALSE,"5,6,7,8,9,10,11",{random},app,US,AA3830-100,{random},5,,
FALSE,FALSE,FALSE,"5,6,7,8,9,10,11",{random},app,US,AA3830-100,{random},5,,
FALSE,FALSE,FALSE,"5,6,7,8,9,10,11",{random},app,US,AA3830-100,{random},5,,
FALSE,FALSE,FALSE,"5,6,7,8,9,10,11",{random},app,US,AA3830-100,{random},5,,
FALSE,FALSE,FALSE,"5,6,7,8,9,10,11",{random},app,US,AA3830-100,{random},5,,
FALSE,FALSE,FALSE,"5,6,7,8,9,10,11",{random},app,US,AA3830-100,{random},6,,
FALSE,FALSE,FALSE,"5,6,7,8,9,10,11",{random},app,US,AA3830-100,{random},6,,
FALSE,FALSE,FALSE,"5,6,7,8,9,10,11",{random},app,US,AA3830-100,{random},6,,
FALSE,FALSE,FALSE,"5,6,7,8,9,10,11",{random},app,US,AA3830-100,{random},6,,
FALSE,FALSE,FALSE,"5,6,7,8,9,10,11",{random},app,US,AA3830-100,{random},6,,
FALSE,FALSE,FALSE,"5,6,7,8,9,10,11",{random},app,US,AA3830-100,{random},6,,
FALSE,FALSE,FALSE,"5,6,7,8,9,10,11",{random},app,US,AA3830-100,{random},6,,
FALSE,FALSE,FALSE,"5,6,7,8,9,10,11",{random},app,US,AA3830-100,{random},6,,
FALSE,FALSE,FALSE,"5,6,7,8,9,10,11",{random},app,US,AA3830-100,{random},6,,
FALSE,FALSE,FALSE,"5,6,7,8,9,10,11",{random},app,US,AA3830-100,{random},6,,
FALSE,FALSE,FALSE,"5,6,7,8,9,10,11",{random},app,US,AA3830-100,{random},7,,
FALSE,FALSE,FALSE,"5,6,7,8,9,10,11",{random},app,US,AA3830-100,{random},7,,
FALSE,FALSE,FALSE,"5,6,7,8,9,10,11",{random},app,US,AA3830-100,{random},7,,
FALSE,FALSE,FALSE,"5,6,7,8,9,10,11",{random},app,US,AA3830-100,{random},7,,
FALSE,FALSE,FALSE,"5,6,7,8,9,10,11",{random},app,US,AA3830-100,{random},7,,
FALSE,FALSE,FALSE,"5,6,7,8,9,10,11",{random},app,US,AA3830-100,{random},7,,
FALSE,FALSE,FALSE,"5,6,7,8,9,10,11",{random},app,US,AA3830-100,{random},7,,
FALSE,FALSE,FALSE,"5,6,7,8,9,10,11",{random},app,US,AA3830-100,{random},7,,
FALSE,FALSE,FALSE,"5,6,7,8,9,10,11",{random},app,US,AA3830-100,{random},7,,
FALSE,FALSE,FALSE,"5,6,7,8,9,10,11",{random},app,US,AA3830-100,{random},7,,
FALSE,FALSE,FALSE,"5,6,7,8,9,10,11",{random},app,US,AA3830-100,{random},8,,
FALSE,FALSE,FALSE,"5,6,7,8,9,10,11",{random},app,US,AA3830-100,{random},8,,
FALSE,FALSE,FALSE,"5,6,7,8,9,10,11",{random},app,US,AA3830-100,{random},8,,
FALSE,FALSE,FALSE,"5,6,7,8,9,10,11",{random},app,US,AA3830-100,{random},8,,
FALSE,FALSE,FALSE,"5,6,7,8,9,10,11",{random},app,US,AA3830-100,{random},8,,
FALSE,FALSE,FALSE,"5,6,7,8,9,10,11",{random},app,US,AA3830-100,{random},8,,
FALSE,FALSE,FALSE,"5,6,7,8,9,10,11",{random},app,US,AA3830-100,{random},8,,
FALSE,FALSE,FALSE,"5,6,7,8,9,10,11",{random},app,US,AA3830-100,{random},8,,
FALSE,FALSE,FALSE,"5,6,7,8,9,10,11",{random},app,US,AA3830-100,{random},8,,
FALSE,FALSE,FALSE,"5,6,7,8,9,10,11",{random},app,US,AA3830-100,{random},8,,
FALSE,FALSE,FALSE,"5,6,7,8,9,10,11",{random},app,US,AA3830-100,{random},9,,
FALSE,FALSE,FALSE,"5,6,7,8,9,10,11",{random},app,US,AA3830-100,{random},9,,
FALSE,FALSE,FALSE,"5,6,7,8,9,10,11",{random},app,US,AA3830-100,{random},9,,
FALSE,FALSE,FALSE,"5,6,7,8,9,10,11",{random},app,US,AA3830-100,{random},9,,
FALSE,FALSE,FALSE,"5,6,7,8,9,10,11",{random},app,US,AA3830-100,{random},9,,
FALSE,FALSE,FALSE,"5,6,7,8,9,10,11",{random},app,US,AA3830-100,{random},9,,
FALSE,FALSE,FALSE,"5,6,7,8,9,10,11",{random},app,US,AA3830-100,{random},9,,
FALSE,FALSE,FALSE,"5,6,7,8,9,10,11",{random},app,US,AA3830-100,{random},9,,
FALSE,FALSE,FALSE,"5,6,7,8,9,10,11",{random},app,US,AA3830-100,{random},9,,
FALSE,FALSE,FALSE,"5,6,7,8,9,10,11",{random},app,US,AA3830-100,{random},9,,
FALSE,FALSE,FALSE,"5,6,7,8,9,10,11",{random},app,US,AA3830-100,{random},10,,
FALSE,FALSE,FALSE,"5,6,7,8,9,10,11",{random},app,US,AA3830-100,{random},10,,
FALSE,FALSE,FALSE,"5,6,7,8,9,10,11",{random},app,US,AA3830-100,{random},10,,
FALSE,FALSE,FALSE,"5,6,7,8,9,10,11",{random},app,US,AA3830-100,{random},10,,
FALSE,FALSE,FALSE,"5,6,7,8,9,10,11",{random},app,US,AA3830-100,{random},10,,
FALSE,FALSE,FALSE,"5,6,7,8,9,10,11",{random},app,US,AA3830-100,{random},10,,
FALSE,FALSE,FALSE,"5,6,7,8,9,10,11",{random},app,US,AA3830-100,{random},10,,
FALSE,FALSE,FALSE,"5,6,7,8,9,10,11",{random},app,US,AA3830-100,{random},10,,
FALSE,FALSE,FALSE,"5,6,7,8,9,10,11",{random},app,US,AA3830-100,{random},10,,
FALSE,FALSE,FALSE,"5,6,7,8,9,10,11",{random},app,US,AA3830-100,{random},10,,
FALSE,FALSE,FALSE,"5,6,7,8,9,10,11",{random},app,US,AA3830-100,{random},11,,
FALSE,FALSE,FALSE,"5,6,7,8,9,10,11",{random},app,US,AA3830-100,{random},11,,
FALSE,FALSE,FALSE,"5,6,7,8,9,10,11",{random},app,US,AA3830-100,{random},11,,
FALSE,FALSE,FALSE,"5,6,7,8,9,10,11",{random},app,US,AA3830-100,{random},11,,
FALSE,FALSE,FALSE,"5,6,7,8,9,10,11",{random},app,US,AA3830-100,{random},11,,
FALSE,FALSE,FALSE,"5,6,7,8,9,10,11",{random},app,US,AA3830-100,{random},11,,
FALSE,FALSE,FALSE,"5,6,7,8,9,10,11",{random},app,US,AA3830-100,{random},11,,
FALSE,FALSE,FALSE,"5,6,7,8,9,10,11",{random},app,US,AA3830-100,{random},11,,
FALSE,FALSE,FALSE,"5,6,7,8,9,10,11",{random},app,US,AA3830-100,{random},11,,
FALSE,FALSE,FALSE,"5,6,7,8,9,10,11",{random},app,US,AA3830-100,{random},11,,
FALSE,FALSE,FALSE,"5,6,7,8,9,10,11",{random},app,US,AA3830-100,{random},12,,
FALSE,FALSE,FALSE,"5,6,7,8,9,10,11",{random},app,US,AA3830-100,{random},12,,
FALSE,FALSE,FALSE,"5,6,7,8,9,10,11",{random},app,US,AA3830-100,{random},12,,
FALSE,FALSE,FALSE,"5,6,7,8,9,10,11",{random},app,US,AA3830-100,{random},12,,
FALSE,FALSE,FALSE,"5,6,7,8,9,10,11",{random},app,US,AA3830-100,{random},12,,
FALSE,FALSE,FALSE,"5,6,7,8,9,10,11",{random},app,US,AA3830-100,{random},12,,
FALSE,FALSE,FALSE,"5,6,7,8,9,10,11",{random},app,US,AA3830-100,{random},12,,
FALSE,FALSE,FALSE,"5,6,7,8,9,10,11",{random},app,US,AA3830-100,{random},12,,
FALSE,FALSE,FALSE,"5,6,7,8,9,10,11",{random},app,US,AA3830-100,{random},12,,
FALSE,FALSE,FALSE,"5,6,7,8,9,10,11",{random},app,US,AA3830-100,{random},12,,
FALSE,FALSE,FALSE,"5,6,7,8,9,10,11",{random},app,US,AA3830-100,{random},13,,
FALSE,FALSE,FALSE,"5,6,7,8,9,10,11",{random},app,US,AA3830-100,{random},13,,
FALSE,FALSE,FALSE,"5,6,7,8,9,10,11",{random},app,US,AA3830-100,{random},13,,
FALSE,FALSE,FALSE,"5,6,7,8,9,10,11",{random},app,US,AA3830-100,{random},13,,
FALSE,FALSE,FALSE,"5,6,7,8,9,10,11",{random},app,US,AA3830-100,{random},13,,
FALSE,FALSE,FALSE,"5,6,7,8,9,10,11",{random},app,US,AA3830-100,{random},13,,
FALSE,FALSE,FALSE,"5,6,7,8,9,10,11",{random},app,US,AA3830-100,{random},13,,
FALSE,FALSE,FALSE,"5,6,7,8,9,10,11",{random},app,US,AA3830-100,{random},13,,
FALSE,FALSE,FALSE,"5,6,7,8,9,10,11",{random},app,US,AA3830-100,{random},13,,
FALSE,FALSE,FALSE,"5,6,7,8,9,10,11",{random},app,US,AA3830-100,{random},13,,
FALSE,FALSE,FALSE,"5,6,7,8,9,10,11",{random},app,US,AA3830-100,{random},14,,
FALSE,FALSE,FALSE,"5,6,7,8,9,10,11",{random},app,US,AA3830-100,{random},14,,
FALSE,FALSE,FALSE,"5,6,7,8,9,10,11",{random},app,US,AA3830-100,{random},14,,
FALSE,FALSE,FALSE,"5,6,7,8,9,10,11",{random},app,US,AA3830-100,{random},14,,
FALSE,FALSE,FALSE,"5,6,7,8,9,10,11",{random},app,US,AA3830-100,{random},14,,
FALSE,FALSE,FALSE,"5,6,7,8,9,10,11",{random},app,US,AA3830-100,{random},14,,
FALSE,FALSE,FALSE,"5,6,7,8,9,10,11",{random},app,US,AA3830-100,{random},14,,
FALSE,FALSE,FALSE,"5,6,7,8,9,10,11",{random},app,US,AA3830-100,{random},14,,
FALSE,FALSE,FALSE,"5,6,7,8,9,10,11",{random},app,US,AA3830-100,{random},14,,
FALSE,FALSE,FALSE,"5,6,7,8,9,10,11",{random},app,US,AA3830-100,{random},14,,
FALSE,FALSE,FALSE,"5,6,7,8,9,10,11",{random},app,US,AA3830-100,{random},15,,
FALSE,FALSE,FALSE,"5,6,7,8,9,10,11",{random},app,US,AA3830-100,{random},15,,
FALSE,FALSE,FALSE,"5,6,7,8,9,10,11",{random},app,US,AA3830-100,{random},15,,
FALSE,FALSE,FALSE,"5,6,7,8,9,10,11",{random},app,US,AA3830-100,{random},15,,
FALSE,FALSE,FALSE,"5,6,7,8,9,10,11",{random},app,US,AA3830-100,{random},15,,
FALSE,FALSE,FALSE,"5,6,7,8,9,10,11",{random},app,US,AA3830-100,{random},15,,
FALSE,FALSE,FALSE,"5,6,7,8,9,10,11",{random},app,US,AA3830-100,{random},15,,
FALSE,FALSE,FALSE,"5,6,7,8,9,10,11",{random},app,US,AA3830-100,{random},15,,
FALSE,FALSE,FALSE,"5,6,7,8,9,10,11",{random},app,US,AA3830-100,{random},15,,
FALSE,FALSE,FALSE,"5,6,7,8,9,10,11",{random},app,US,AA3830-100,{random},15,,
FALSE,FALSE,FALSE,"5,6,7,8,9,10,11",{random},app,US,AA3830-100,{random},16,,
FALSE,FALSE,FALSE,"5,6,7,8,9,10,11",{random},app,US,AA3830-100,{random},16,,
FALSE,FALSE,FALSE,"5,6,7,8,9,10,11",{random},app,US,AA3830-100,{random},16,,
FALSE,FALSE,FALSE,"5,6,7,8,9,10,11",{random},app,US,AA3830-100,{random},16,,
FALSE,FALSE,FALSE,"5,6,7,8,9,10,11",{random},app,US,AA3830-100,{random},16,,
FALSE,FALSE,FALSE,"5,6,7,8,9,10,11",{random},app,US,AA3830-100,{random},16,,
FALSE,FALSE,FALSE,"5,6,7,8,9,10,11",{random},app,US,AA3830-100,{random},16,,
FALSE,FALSE,FALSE,"5,6,7,8,9,10,11",{random},app,US,AA3830-100,{random},16,,
FALSE,FALSE,FALSE,"5,6,7,8,9,10,11",{random},app,US,AA3830-100,{random},16,,
FALSE,FALSE,FALSE,"5,6,7,8,9,10,11",{random},app,US,AA3830-100,{random},16,,
FALSE,FALSE,FALSE,"5,6,7,8,9,10,11",{random},app,US,AA3830-100,{random},17,,
FALSE,FALSE,FALSE,"5,6,7,8,9,10,11",{random},app,US,AA3830-100,{random},17,,
FALSE,FALSE,FALSE,"5,6,7,8,9,10,11",{random},app,US,AA3830-100,{random},17,,
FALSE,FALSE,FALSE,"5,6,7,8,9,10,11",{random},app,US,AA3830-100,{random},17,,
FALSE,FALSE,FALSE,"5,6,7,8,9,10,11",{random},app,US,AA3830-100,{random},17,,
FALSE,FALSE,FALSE,"5,6,7,8,9,10,11",{random},app,US,AA3830-100,{random},17,,
FALSE,FALSE,FALSE,"5,6,7,8,9,10,11",{random},app,US,AA3830-100,{random},17,,
FALSE,FALSE,FALSE,"5,6,7,8,9,10,11",{random},app,US,AA3830-100,{random},17,,
FALSE,FALSE,FALSE,"5,6,7,8,9,10,11",{random},app,US,AA3830-100,{random},17,,
FALSE,FALSE,FALSE,"5,6,7,8,9,10,11",{random},app,US,AA3830-100,{random},17,,
FALSE,FALSE,FALSE,"5,6,7,8,9,10,11",{random},app,US,AA3830-100,{random},18,,
FALSE,FALSE,FALSE,"5,6,7,8,9,10,11",{random},app,US,AA3830-100,{random},18,,
FALSE,FALSE,FALSE,"5,6,7,8,9,10,11",{random},app,US,AA3830-100,{random},18,,
FALSE,FALSE,FALSE,"5,6,7,8,9,10,11",{random},app,US,AA3830-100,{random},18,,
FALSE,FALSE,FALSE,"5,6,7,8,9,10,11",{random},app,US,AA3830-100,{random},18,,
FALSE,FALSE,FALSE,"5,6,7,8,9,10,11",{random},app,US,AA3830-100,{random},18,,
FALSE,FALSE,FALSE,"5,6,7,8,9,10,11",{random},app,US,AA3830-100,{random},18,,
FALSE,FALSE,FALSE,"5,6,7,8,9,10,11",{random},app,US,AA3830-100,{random},18,,
FALSE,FALSE,FALSE,"5,6,7,8,9,10,11",{random},app,US,AA3830-100,{random},18,,
FALSE,FALSE,FALSE,"5,6,7,8,9,10,11",{random},app,US,AA3830-100,{random},18,,
FALSE,FALSE,FALSE,"5,6,7,8,9,10,11",{random},app,US,AA3830-100,{random},19,,
FALSE,FALSE,FALSE,"5,6,7,8,9,10,11",{random},app,US,AA3830-100,{random},19,,
FALSE,FALSE,FALSE,"5,6,7,8,9,10,11",{random},app,US,AA3830-100,{random},19,,
FALSE,FALSE,FALSE,"5,6,7,8,9,10,11",{random},app,US,AA3830-100,{random},19,,
FALSE,FALSE,FALSE,"5,6,7,8,9,10,11",{random},app,US,AA3830-100,{random},19,,
FALSE,FALSE,FALSE,"5,6,7,8,9,10,11",{random},app,US,AA3830-100,{random},19,,
FALSE,FALSE,FALSE,"5,6,7,8,9,10,11",{random},app,US,AA3830-100,{random},19,,
FALSE,FALSE,FALSE,"5,6,7,8,9,10,11",{random},app,US,AA3830-100,{random},19,,
FALSE,FALSE,FALSE,"5,6,7,8,9,10,11",{random},app,US,AA3830-100,{random},19,,
FALSE,FALSE,FALSE,"5,6,7,8,9,10,11",{random},app,US,AA3830-100,{random},19,,
FALSE,FALSE,FALSE,"5,6,7,8,9,10,11",{random},app,US,AA3830-100,{random},20,,
FALSE,FALSE,FALSE,"5,6,7,8,9,10,11",{random},app,US,AA3830-100,{random},20,,
FALSE,FALSE,FALSE,"5,6,7,8,9,10,11",{random},app,US,AA3830-100,{random},20,,
FALSE,FALSE,FALSE,"5,6,7,8,9,10,11",{random},app,US,AA3830-100,{random},20,,
FALSE,FALSE,FALSE,"5,6,7,8,9,10,11",{random},app,US,AA3830-100,{random},20,,
FALSE,FALSE,FALSE,"5,6,7,8,9,10,11",{random},app,US,AA3830-100,{random},20,,
FALSE,FALSE,FALSE,"5,6,7,8,9,10,11",{random},app,US,AA3830-100,{random},20,,
FALSE,FALSE,FALSE,"5,6,7,8,9,10,11",{random},app,US,AA3830-100,{random},20,,
FALSE,FALSE,FALSE,"5,6,7,8,9,10,11",{random},app,US,AA3830-100,{random},20,,
FALSE,FALSE,FALSE,"5,6,7,8,9,10,11",{random},app,US,AA3830-100,{random},20,,
FALSE,FALSE,FALSE,"5,6,7,8,9,10,11",{random},app,US,AA3830-100,{random},41,,
FALSE,FALSE,FALSE,"5,6,7,8,9,10,11",{random},app,US,AA3830-100,{random},41,,
FALSE,FALSE,FALSE,"5,6,7,8,9,10,11",{random},app,US,AA3830-100,{random},41,,
FALSE,FALSE,FALSE,"5,6,7,8,9,10,11",{random},app,US,AA3830-100,{random},41,,
FALSE,FALSE,FALSE,"5,6,7,8,9,10,11",{random},app,US,AA3830-100,{random},41,,
FALSE,FALSE,FALSE,"5,6,7,8,9,10,11",{random},app,US,AA3830-100,{random},41,,
FALSE,FALSE,FALSE,"5,6,7,8,9,10,11",{random},app,US,AA3830-100,{random},41,,
FALSE,FALSE,FALSE,"5,6,7,8,9,10,11",{random},app,US,AA3830-100,{random},41,,
FALSE,FALSE,FALSE,"5,6,7,8,9,10,11",{random},app,US,AA3830-100,{random},41,,
FALSE,FALSE,FALSE,"5,6,7,8,9,10,11",{random},app,US,AA3830-100,{random},41,,
FALSE,FALSE,FALSE,"5,6,7,8,9,10,11",{random},app,US,AA3830-100,{random},22,,
FALSE,FALSE,FALSE,"5,6,7,8,9,10,11",{random},app,US,AA3830-100,{random},22,,
FALSE,FALSE,FALSE,"5,6,7,8,9,10,11",{random},app,US,AA3830-100,{random},22,,
FALSE,FALSE,FALSE,"5,6,7,8,9,10,11",{random},app,US,AA3830-100,{random},22,,
FALSE,FALSE,FALSE,"5,6,7,8,9,10,11",{random},app,US,AA3830-100,{random},22,,
FALSE,FALSE,FALSE,"5,6,7,8,9,10,11",{random},app,US,AA3830-100,{random},22,,
FALSE,FALSE,FALSE,"5,6,7,8,9,10,11",{random},app,US,AA3830-100,{random},22,,
FALSE,FALSE,FALSE,"5,6,7,8,9,10,11",{random},app,US,AA3830-100,{random},22,,
FALSE,FALSE,FALSE,"5,6,7,8,9,10,11",{random},app,US,AA3830-100,{random},22,,
FALSE,FALSE,FALSE,"5,6,7,8,9,10,11",{random},app,US,AA3830-100,{random},22,,
FALSE,FALSE,FALSE,"5,6,7,8,9,10,11",{random},app,US,AA3830-100,{random},23,,
FALSE,FALSE,FALSE,"5,6,7,8,9,10,11",{random},app,US,AA3830-100,{random},23,,
FALSE,FALSE,FALSE,"5,6,7,8,9,10,11",{random},app,US,AA3830-100,{random},23,,
FALSE,FALSE,FALSE,"5,6,7,8,9,10,11",{random},app,US,AA3830-100,{random},23,,
FALSE,FALSE,FALSE,"5,6,7,8,9,10,11",{random},app,US,AA3830-100,{random},23,,
FALSE,FALSE,FALSE,"5,6,7,8,9,10,11",{random},app,US,AA3830-100,{random},23,,
FALSE,FALSE,FALSE,"5,6,7,8,9,10,11",{random},app,US,AA3830-100,{random},23,,
FALSE,FALSE,FALSE,"5,6,7,8,9,10,11",{random},app,US,AA3830-100,{random},23,,
FALSE,FALSE,FALSE,"5,6,7,8,9,10,11",{random},app,US,AA3830-100,{random},23,,
FALSE,FALSE,FALSE,"5,6,7,8,9,10,11",{random},app,US,AA3830-100,{random},23,,
FALSE,FALSE,FALSE,"5,6,7,8,9,10,11",{random},app,US,AA3830-100,{random},24,,
FALSE,FALSE,FALSE,"5,6,7,8,9,10,11",{random},app,US,AA3830-100,{random},24,,
FALSE,FALSE,FALSE,"5,6,7,8,9,10,11",{random},app,US,AA3830-100,{random},24,,
FALSE,FALSE,FALSE,"5,6,7,8,9,10,11",{random},app,US,AA3830-100,{random},24,,
FALSE,FALSE,FALSE,"5,6,7,8,9,10,11",{random},app,US,AA3830-100,{random},24,,
FALSE,FALSE,FALSE,"5,6,7,8,9,10,11",{random},app,US,AA3830-100,{random},24,,
FALSE,FALSE,FALSE,"5,6,7,8,9,10,11",{random},app,US,AA3830-100,{random},24,,
FALSE,FALSE,FALSE,"5,6,7,8,9,10,11",{random},app,US,AA3830-100,{random},24,,
FALSE,FALSE,FALSE,"5,6,7,8,9,10,11",{random},app,US,AA3830-100,{random},24,,
FALSE,FALSE,FALSE,"5,6,7,8,9,10,11",{random},app,US,AA3830-100,{random},24,,
FALSE,FALSE,FALSE,"5,6,7,8,9,10,11",{random},app,US,AA3830-100,{random},25,,
FALSE,FALSE,FALSE,"5,6,7,8,9,10,11",{random},app,US,AA3830-100,{random},25,,
FALSE,FALSE,FALSE,"5,6,7,8,9,10,11",{random},app,US,AA3830-100,{random},25,,
FALSE,FALSE,FALSE,"5,6,7,8,9,10,11",{random},app,US,AA3830-100,{random},25,,
FALSE,FALSE,FALSE,"5,6,7,8,9,10,11",{random},app,US,AA3830-100,{random},25,,
FALSE,FALSE,FALSE,"5,6,7,8,9,10,11",{random},app,US,AA3830-100,{random},25,,
FALSE,FALSE,FALSE,"5,6,7,8,9,10,11",{random},app,US,AA3830-100,{random},25,,
FALSE,FALSE,FALSE,"5,6,7,8,9,10,11",{random},app,US,AA3830-100,{random},25,,
FALSE,FALSE,FALSE,"5,6,7,8,9,10,11",{random},app,US,AA3830-100,{random},25,,
FALSE,FALSE,FALSE,"5,6,7,8,9,10,11",{random},app,US,AA3830-100,{random},25,,
FALSE,FALSE,FALSE,"5,6,7,8,9,10,11",{random},app,US,AA3830-100,{random},26,,
FALSE,FALSE,FALSE,"5,6,7,8,9,10,11",{random},app,US,AA3830-100,{random},26,,
FALSE,FALSE,FALSE,"5,6,7,8,9,10,11",{random},app,US,AA3830-100,{random},26,,
FALSE,FALSE,FALSE,"5,6,7,8,9,10,11",{random},app,US,AA3830-100,{random},26,,
FALSE,FALSE,FALSE,"5,6,7,8,9,10,11",{random},app,US,AA3830-100,{random},26,,
FALSE,FALSE,FALSE,"5,6,7,8,9,10,11",{random},app,US,AA3830-100,{random},26,,
FALSE,FALSE,FALSE,"5,6,7,8,9,10,11",{random},app,US,AA3830-100,{random},26,,
FALSE,FALSE,FALSE,"5,6,7,8,9,10,11",{random},app,US,AA3830-100,{random},26,,
FALSE,FALSE,FALSE,"5,6,7,8,9,10,11",{random},app,US,AA3830-100,{random},26,,
FALSE,FALSE,FALSE,"5,6,7,8,9,10,11",{random},app,US,AA3830-100,{random},26,,
FALSE,FALSE,FALSE,"5,6,7,8,9,10,11",{random},app,US,AA3830-100,{random},27,,
FALSE,FALSE,FALSE,"5,6,7,8,9,10,11",{random},app,US,AA3830-100,{random},27,,
FALSE,FALSE,FALSE,"5,6,7,8,9,10,11",{random},app,US,AA3830-100,{random},27,,
FALSE,FALSE,FALSE,"5,6,7,8,9,10,11",{random},app,US,AA3830-100,{random},27,,
FALSE,FALSE,FALSE,"5,6,7,8,9,10,11",{random},app,US,AA3830-100,{random},27,,
FALSE,FALSE,FALSE,"5,6,7,8,9,10,11",{random},app,US,AA3830-100,{random},27,,
FALSE,FALSE,FALSE,"5,6,7,8,9,10,11",{random},app,US,AA3830-100,{random},27,,
FALSE,FALSE,FALSE,"5,6,7,8,9,10,11",{random},app,US,AA3830-100,{random},27,,
FALSE,FALSE,FALSE,"5,6,7,8,9,10,11",{random},app,US,AA3830-100,{random},27,,
FALSE,FALSE,FALSE,"5,6,7,8,9,10,11",{random},app,US,AA3830-100,{random},27,,
FALSE,FALSE,FALSE,"5,6,7,8,9,10,11",{random},app,US,AA3830-100,{random},28,,
FALSE,FALSE,FALSE,"5,6,7,8,9,10,11",{random},app,US,AA3830-100,{random},28,,
FALSE,FALSE,FALSE,"5,6,7,8,9,10,11",{random},app,US,AA3830-100,{random},28,,
FALSE,FALSE,FALSE,"5,6,7,8,9,10,11",{random},app,US,AA3830-100,{random},28,,
FALSE,FALSE,FALSE,"5,6,7,8,9,10,11",{random},app,US,AA3830-100,{random},28,,
FALSE,FALSE,FALSE,"5,6,7,8,9,10,11",{random},app,US,AA3830-100,{random},28,,
FALSE,FALSE,FALSE,"5,6,7,8,9,10,11",{random},app,US,AA3830-100,{random},28,,
FALSE,FALSE,FALSE,"5,6,7,8,9,10,11",{random},app,US,AA3830-100,{random},28,,
FALSE,FALSE,FALSE,"5,6,7,8,9,10,11",{random},app,US,AA3830-100,{random},28,,
FALSE,FALSE,FALSE,"5,6,7,8,9,10,11",{random},app,US,AA3830-100,{random},28,,
FALSE,FALSE,FALSE,"5,6,7,8,9,10,11",{random},app,US,AA3830-100,{random},29,,
FALSE,FALSE,FALSE,"5,6,7,8,9,10,11",{random},app,US,AA3830-100,{random},29,,
FALSE,FALSE,FALSE,"5,6,7,8,9,10,11",{random},app,US,AA3830-100,{random},29,,
FALSE,FALSE,FALSE,"5,6,7,8,9,10,11",{random},app,US,AA3830-100,{random},29,,
FALSE,FALSE,FALSE,"5,6,7,8,9,10,11",{random},app,US,AA3830-100,{random},29,,
FALSE,FALSE,FALSE,"5,6,7,8,9,10,11",{random},app,US,AA3830-100,{random},29,,
FALSE,FALSE,FALSE,"5,6,7,8,9,10,11",{random},app,US,AA3830-100,{random},29,,
FALSE,FALSE,FALSE,"5,6,7,8,9,10,11",{random},app,US,AA3830-100,{random},29,,
FALSE,FALSE,FALSE,"5,6,7,8,9,10,11",{random},app,US,AA3830-100,{random},29,,
FALSE,FALSE,FALSE,"5,6,7,8,9,10,11",{random},app,US,AA3830-100,{random},29,,
FALSE,FALSE,FALSE,"5,6,7,8,9,10,11",{random},app,US,AA3830-100,{random},30,,
FALSE,FALSE,FALSE,"5,6,7,8,9,10,11",{random},app,US,AA3830-100,{random},30,,
FALSE,FALSE,FALSE,"5,6,7,8,9,10,11",{random},app,US,AA3830-100,{random},30,,
FALSE,FALSE,FALSE,"5,6,7,8,9,10,11",{random},app,US,AA3830-100,{random},30,,
FALSE,FALSE,FALSE,"5,6,7,8,9,10,11",{random},app,US,AA3830-100,{random},30,,
FALSE,FALSE,FALSE,"5,6,7,8,9,10,11",{random},app,US,AA3830-100,{random},30,,
FALSE,FALSE,FALSE,"5,6,7,8,9,10,11",{random},app,US,AA3830-100,{random},30,,
FALSE,FALSE,FALSE,"5,6,7,8,9,10,11",{random},app,US,AA3830-100,{random},30,,
FALSE,FALSE,FALSE,"5,6,7,8,9,10,11",{random},app,US,AA3830-100,{random},30,,
FALSE,FALSE,FALSE,"5,6,7,8,9,10,11",{random},app,US,AA3830-100,{random},30,,
FALSE,FALSE,FALSE,"5,6,7,8,9,10,11",{random},app,US,AA3830-100,{random},31,,
FALSE,FALSE,FALSE,"5,6,7,8,9,10,11",{random},app,US,AA3830-100,{random},31,,
FALSE,FALSE,FALSE,"5,6,7,8,9,10,11",{random},app,US,AA3830-100,{random},31,,
FALSE,FALSE,FALSE,"5,6,7,8,9,10,11",{random},app,US,AA3830-100,{random},31,,
FALSE,FALSE,FALSE,"5,6,7,8,9,10,11",{random},app,US,AA3830-100,{random},31,,
FALSE,FALSE,FALSE,"5,6,7,8,9,10,11",{random},app,US,AA3830-100,{random},31,,
FALSE,FALSE,FALSE,"5,6,7,8,9,10,11",{random},app,US,AA3830-100,{random},31,,
FALSE,FALSE,FALSE,"5,6,7,8,9,10,11",{random},app,US,AA3830-100,{random},31,,
FALSE,FALSE,FALSE,"5,6,7,8,9,10,11",{random},app,US,AA3830-100,{random},31,,
FALSE,FALSE,FALSE,"5,6,7,8,9,10,11",{random},app,US,AA3830-100,{random},31,,
FALSE,FALSE,FALSE,"5,6,7,8,9,10,11",{random},app,US,AA3830-100,{random},32,,
FALSE,FALSE,FALSE,"5,6,7,8,9,10,11",{random},app,US,AA3830-100,{random},32,,
FALSE,FALSE,FALSE,"5,6,7,8,9,10,11",{random},app,US,AA3830-100,{random},32,,
FALSE,FALSE,FALSE,"5,6,7,8,9,10,11",{random},app,US,AA3830-100,{random},32,,
FALSE,FALSE,FALSE,"5,6,7,8,9,10,11",{random},app,US,AA3830-100,{random},32,,
FALSE,FALSE,FALSE,"5,6,7,8,9,10,11",{random},app,US,AA3830-100,{random},32,,
FALSE,FALSE,FALSE,"5,6,7,8,9,10,11",{random},app,US,AA3830-100,{random},32,,
FALSE,FALSE,FALSE,"5,6,7,8,9,10,11",{random},app,US,AA3830-100,{random},32,,
FALSE,FALSE,FALSE,"5,6,7,8,9,10,11",{random},app,US,AA3830-100,{random},32,,
FALSE,FALSE,FALSE,"5,6,7,8,9,10,11",{random},app,US,AA3830-100,{random},32,,
FALSE,FALSE,FALSE,"5,6,7,8,9,10,11",{random},app,US,AA3830-100,{random},33,,
FALSE,FALSE,FALSE,"5,6,7,8,9,10,11",{random},app,US,AA3830-100,{random},33,,
FALSE,FALSE,FALSE,"5,6,7,8,9,10,11",{random},app,US,AA3830-100,{random},33,,
FALSE,FALSE,FALSE,"5,6,7,8,9,10,11",{random},app,US,AA3830-100,{random},33,,
FALSE,FALSE,FALSE,"5,6,7,8,9,10,11",{random},app,US,AA3830-100,{random},33,,
FALSE,FALSE,FALSE,"5,6,7,8,9,10,11",{random},app,US,AA3830-100,{random},33,,
FALSE,FALSE,FALSE,"5,6,7,8,9,10,11",{random},app,US,AA3830-100,{random},33,,
FALSE,FALSE,FALSE,"5,6,7,8,9,10,11",{random},app,US,AA3830-100,{random},33,,
FALSE,FALSE,FALSE,"5,6,7,8,9,10,11",{random},app,US,AA3830-100,{random},33,,
FALSE,FALSE,FALSE,"5,6,7,8,9,10,11",{random},app,US,AA3830-100,{random},33,,
FALSE,FALSE,FALSE,"5,6,7,8,9,10,11",{random},app,US,AA3830-100,{random},34,,
FALSE,FALSE,FALSE,"5,6,7,8,9,10,11",{random},app,US,AA3830-100,{random},34,,
FALSE,FALSE,FALSE,"5,6,7,8,9,10,11",{random},app,US,AA3830-100,{random},34,,
FALSE,FALSE,FALSE,"5,6,7,8,9,10,11",{random},app,US,AA3830-100,{random},34,,
FALSE,FALSE,FALSE,"5,6,7,8,9,10,11",{random},app,US,AA3830-100,{random},34,,
FALSE,FALSE,FALSE,"5,6,7,8,9,10,11",{random},app,US,AA3830-100,{random},34,,
FALSE,FALSE,FALSE,"5,6,7,8,9,10,11",{random},app,US,AA3830-100,{random},34,,
FALSE,FALSE,FALSE,"5,6,7,8,9,10,11",{random},app,US,AA3830-100,{random},34,,
FALSE,FALSE,FALSE,"5,6,7,8,9,10,11",{random},app,US,AA3830-100,{random},34,,
FALSE,FALSE,FALSE,"5,6,7,8,9,10,11",{random},app,US,AA3830-100,{random},34,,
FALSE,FALSE,FALSE,"5,6,7,8,9,10,11",{random},app,US,AA3830-100,{random},35,,
FALSE,FALSE,FALSE,"5,6,7,8,9,10,11",{random},app,US,AA3830-100,{random},35,,
FALSE,FALSE,FALSE,"5,6,7,8,9,10,11",{random},app,US,AA3830-100,{random},35,,
FALSE,FALSE,FALSE,"5,6,7,8,9,10,11",{random},app,US,AA3830-100,{random},35,,
FALSE,FALSE,FALSE,"5,6,7,8,9,10,11",{random},app,US,AA3830-100,{random},35,,
FALSE,FALSE,FALSE,"5,6,7,8,9,10,11",{random},app,US,AA3830-100,{random},35,,
FALSE,FALSE,FALSE,"5,6,7,8,9,10,11",{random},app,US,AA3830-100,{random},35,,
FALSE,FALSE,FALSE,"5,6,7,8,9,10,11",{random},app,US,AA3830-100,{random},35,,
FALSE,FALSE,FALSE,"5,6,7,8,9,10,11",{random},app,US,AA3830-100,{random},35,,
FALSE,FALSE,FALSE,"5,6,7,8,9,10,11",{random},app,US,AA3830-100,{random},35,,
FALSE,FALSE,FALSE,"5,6,7,8,9,10,11",{random},app,US,AA3830-100,{random},36,,
FALSE,FALSE,FALSE,"5,6,7,8,9,10,11",{random},app,US,AA3830-100,{random},36,,
FALSE,FALSE,FALSE,"5,6,7,8,9,10,11",{random},app,US,AA3830-100,{random},36,,
FALSE,FALSE,FALSE,"5,6,7,8,9,10,11",{random},app,US,AA3830-100,{random},36,,
FALSE,FALSE,FALSE,"5,6,7,8,9,10,11",{random},app,US,AA3830-100,{random},36,,
FALSE,FALSE,FALSE,"5,6,7,8,9,10,11",{random},app,US,AA3830-100,{random},36,,
FALSE,FALSE,FALSE,"5,6,7,8,9,10,11",{random},app,US,AA3830-100,{random},36,,
FALSE,FALSE,FALSE,"5,6,7,8,9,10,11",{random},app,US,AA3830-100,{random},36,,
FALSE,FALSE,FALSE,"5,6,7,8,9,10,11",{random},app,US,AA3830-100,{random},36,,
FALSE,FALSE,FALSE,"5,6,7,8,9,10,11",{random},app,US,AA3830-100,{random},36,,
FALSE,FALSE,FALSE,"5,6,7,8,9,10,11",{random},app,US,AA3830-100,{random},37,,
FALSE,FALSE,FALSE,"5,6,7,8,9,10,11",{random},app,US,AA3830-100,{random},37,,
FALSE,FALSE,FALSE,"5,6,7,8,9,10,11",{random},app,US,AA3830-100,{random},37,,
FALSE,FALSE,FALSE,"5,6,7,8,9,10,11",{random},app,US,AA3830-100,{random},37,,
FALSE,FALSE,FALSE,"5,6,7,8,9,10,11",{random},app,US,AA3830-100,{random},37,,
FALSE,FALSE,FALSE,"5,6,7,8,9,10,11",{random},app,US,AA3830-100,{random},37,,
FALSE,FALSE,FALSE,"5,6,7,8,9,10,11",{random},app,US,AA3830-100,{random},37,,
FALSE,FALSE,FALSE,"5,6,7,8,9,10,11",{random},app,US,AA3830-100,{random},37,,
FALSE,FALSE,FALSE,"5,6,7,8,9,10,11",{random},app,US,AA3830-100,{random},37,,
FALSE,FALSE,FALSE,"5,6,7,8,9,10,11",{random},app,US,AA3830-100,{random},37,,
FALSE,FALSE,FALSE,"5,6,7,8,9,10,11",{random},app,US,AA3830-100,{random},38,,
FALSE,FALSE,FALSE,"5,6,7,8,9,10,11",{random},app,US,AA3830-100,{random},38,,
FALSE,FALSE,FALSE,"5,6,7,8,9,10,11",{random},app,US,AA3830-100,{random},38,,
FALSE,FALSE,FALSE,"5,6,7,8,9,10,11",{random},app,US,AA3830-100,{random},38,,
FALSE,FALSE,FALSE,"5,6,7,8,9,10,11",{random},app,US,AA3830-100,{random},38,,
FALSE,FALSE,FALSE,"5,6,7,8,9,10,11",{random},app,US,AA3830-100,{random},38,,
FALSE,FALSE,FALSE,"5,6,7,8,9,10,11",{random},app,US,AA3830-100,{random},38,,
FALSE,FALSE,FALSE,"5,6,7,8,9,10,11",{random},app,US,AA3830-100,{random},38,,
FALSE,FALSE,FALSE,"5,6,7,8,9,10,11",{random},app,US,AA3830-100,{random},38,,
FALSE,FALSE,FALSE,"5,6,7,8,9,10,11",{random},app,US,AA3830-100,{random},38,,
FALSE,FALSE,FALSE,"5,6,7,8,9,10,11",{random},app,US,AA3830-100,{random},39,,
FALSE,FALSE,FALSE,"5,6,7,8,9,10,11",{random},app,US,AA3830-100,{random},39,,
FALSE,FALSE,FALSE,"5,6,7,8,9,10,11",{random},app,US,AA3830-100,{random},39,,
FALSE,FALSE,FALSE,"5,6,7,8,9,10,11",{random},app,US,AA3830-100,{random},39,,
FALSE,FALSE,FALSE,"5,6,7,8,9,10,11",{random},app,US,AA3830-100,{random},39,,
FALSE,FALSE,FALSE,"5,6,7,8,9,10,11",{random},app,US,AA3830-100,{random},39,,
FALSE,FALSE,FALSE,"5,6,7,8,9,10,11",{random},app,US,AA3830-100,{random},39,,
FALSE,FALSE,FALSE,"5,6,7,8,9,10,11",{random},app,US,AA3830-100,{random},39,,
FALSE,FALSE,FALSE,"5,6,7,8,9,10,11",{random},app,US,AA3830-100,{random},39,,
FALSE,FALSE,FALSE,"5,6,7,8,9,10,11",{random},app,US,AA3830-100,{random},39,,
FALSE,FALSE,FALSE,"5,6,7,8,9,10,11",{random},app,US,AA3830-100,{random},40,,
FALSE,FALSE,FALSE,"5,6,7,8,9,10,11",{random},app,US,AA3830-100,{random},40,,
FALSE,FALSE,FALSE,"5,6,7,8,9,10,11",{random},app,US,AA3830-100,{random},40,,
FALSE,FALSE,FALSE,"5,6,7,8,9,10,11",{random},app,US,AA3830-100,{random},40,,
FALSE,FALSE,FALSE,"5,6,7,8,9,10,11",{random},app,US,AA3830-100,{random},40,,
FALSE,FALSE,FALSE,"5,6,7,8,9,10,11",{random},app,US,AA3830-100,{random},40,,
FALSE,FALSE,FALSE,"5,6,7,8,9,10,11",{random},app,US,AA3830-100,{random},40,,
FALSE,FALSE,FALSE,"5,6,7,8,9,10,11",{random},app,US,AA3830-100,{random},40,,
FALSE,FALSE,FALSE,"5,6,7,8,9,10,11",{random},app,US,AA3830-100,{random},40,,